Date;All Commodity Price Index;Non-Fuel Price Index;Food and Beverage Price Index;Food Price Index;Beverage Price Index;Industrial Inputs Price Index;Agricultural Raw Materials Index;Metals Price Index;Fuel Energy Index;Crude Oil petroleum;Aluminum;Bananas;Barley;Beef;Coal;Cocoa beans;Coffee Other Mild Arabicas;Coffee Robusta;Rapeseed oil;Copper;Cotton;Fishmeal;Groundnuts peanuts;Hides;China import Iron Ore Fines 62% FE spot;Lamb;Lead;Soft Logs;Hard Logs;Maize corn;Natural Gas - Russian Natural Gas border price in Germany;Natural Gas - Indonesian Liquefied Natural Gas in Japan;Natural Gas - Spot price at the Henry Hub terminal in Louisiana;Nickel;Crude Oil - petroleum-simple average of three spot prices;Crude Oil - petroleum - Dated Brent light blend;Oil Dubai;Crude Oil petroleum - West Texas Intermediate 40 API;Olive Oil;Oranges;Palm oil;Swine - pork;Poultry chicken;Rice;Rubber;Fish salmon;Hard Sawnwood;Soft Sawnwood;Shrimp;Soybean Meal;Soybean Oil;Soybeans;Sugar European import price;Sugar Free Market;Sugar U,S, import price;Sunflower oil;Tea;Tin;Uranium;Wheat;Wool coarse;Wool fine;Zinc
01/01/1992;53;83;96;98;79;70;87;58;35;33;1181;570;73;117;40;1282;73;49;406;2151;60;541;662;71;14;108;516;126;188;110;2;4;1;7531;18;19;15;19;3262;505;316;52;48;276;36;5;578;215;10;193;420;209;30;8;21;555;175;5483;9;170;297;619;1158
01/02/1992;53;84;96;98;72;72;87;61;35;33;1271;606;71;114;40;1191;68;43;387;2209;56;538;675;68;14;111;506;129;197;114;2;4;1;7888;18;18;15;19;3198;439;316;55;47;278;37;5;599;225;10;193;424;211;30;8;22;526;163;5612;8;177;342;656;1135
01/03/1992;53;84;95;97;71;72;88;61;35;32;1282;606;73;111;40;1128;70;43;385;2232;55;528;660;70;14;109;523;129;190;117;2;3;1;7430;17;18;16;19;3104;433;327;52;47;277;38;5;602;231;10;195;446;216;29;8;21;567;165;5637;8;169;341;668;1218
01/04/1992;54;84;93;95;70;76;94;62;37;35;1317;419;75;108;40;1045;65;42;411;2214;58;545;645;76;14;112;533;142;188;109;2;3;1;7418;19;19;17;20;3162;510;333;50;47;279;39;5;616;258;10;192;430;211;29;9;21;583;193;5836;8;160;352;668;1305
01/05/1992;56;85;94;97;68;76;96;62;38;37;1307;426;85;108;40;995;60;39;406;2219;61;556;630;80;14;117;521;143;189;109;2;4;2;7334;20;20;18;21;3259;486;324;64;47;274;39;5;629;233;11;200;454;220;30;10;21;566;211;6113;8;150;367;663;1378
01/06/1992;57;84;93;96;65;76;94;62;40;39;1275;404;85;106;40;963;58;38;450;2296;64;534;633;77;14;119;551;149;191;110;2;4;2;7202;21;21;19;22;3336;472;334;61;48;266;40;5;611;232;11;201;468;224;31;10;21;582;202;6632;8;149;365;634;1385
01/07/1992;57;86;95;98;70;77;94;65;39;38;1314;433;77;106;40;1105;58;40;457;2527;65;534;660;77;14;124;633;155;184;102;2;4;2;7516;20;20;18;22;3454;552;316;61;48;279;40;6;610;236;11;193;425;208;32;10;21;569;206;6980;8;136;363;595;1320
01/08/1992;57;88;100;103;71;76;91;65;39;37;1306;621;77;111;40;1182;52;40;425;2513;60;533;660;73;14;126;655;183;184;98;2;4;2;7280;20;20;18;21;3490;573;316;66;49;269;40;7;607;227;13;190;405;203;32;10;21;543;221;6784;8;128;351;569;1363
01/09/1992;58;89;101;105;71;76;94;63;40;38;1270;512;84;111;40;1119;53;42;396;2420;57;491;640;78;14;125;625;167;195;98;2;4;2;6919;20;20;18;22;3343;560;323;54;49;256;40;8;606;231;13;195;414;203;31;9;22;555;221;6643;9;139;349;573;1367
01/10/1992;56;86;97;100;71;74;96;59;39;38;1181;390;82;113;37;1071;61;45;355;2262;53;439;640;81;14;117;540;165;208;95;2;4;2;6323;20;20;18;22;2986;498;326;54;48;250;40;7;600;244;13;200;414;198;28;9;22;568;201;6026;10;141;335;535;1158
01/11/1992;54;84;95;97;74;73;95;57;37;35;1162;380;82;115;35;1076;67;49;327;2162;53;463;640;80;14;107;462;174;206;95;2;4;2;5594;19;19;17;20;2748;419;341;56;49;252;40;6;624;245;11;199;444;205;25;9;21;568;204;5736;11;148;320;508;1052
01/12/1992;53;84;93;95;79;74;96;58;36;34;1209;311;80;115;35;1035;77;52;458;2212;54;512;647;81;14;111;457;167;240;94;2;4;2;5751;18;18;16;19;2793;424;331;53;49;256;40;5;604;238;11;205;453;209;26;8;21;565;235;5766;10;148;311;513;1061
01/01/1993;53;84;94;96;76;74;96;58;35;32;1208;525;75;107;35;1036;69;48;426;2264;57;503;670;80;13;110;437;195;240;94;3;4;2;5948;17;17;15;19;2758;426;339;59;50;262;41;5;605;225;13;203;468;212;25;8;21;583;239;5913;10;156;312;495;1068
01/02/1993;54;84;93;95;72;75;100;57;36;34;1203;586;75;108;31;991;67;48;420;2212;61;424;694;81;13;105;415;194;287;94;3;4;2;6051;18;18;16;20;2588;412;351;63;51;254;41;5;618;254;13;196;457;210;24;9;21;571;204;5793;10;149;310;469;1074
01/03/1993;54;85;94;97;69;75;102;55;36;35;1150;659;75;115;31;977;63;47;435;2152;61;423;773;81;13;112;405;211;345;98;3;4;2;5975;19;19;16;20;2629;364;337;66;52;230;38;5;617;263;13;199;463;214;24;11;22;575;190;5666;10;148;310;469;997
01/04/1993;55;86;96;99;67;76;107;53;36;35;1110;564;77;118;31;1011;57;46;455;1954;61;425;780;82;13;122;422;222;463;100;3;4;2;5988;18;19;16;20;2784;381;324;64;54;206;37;5;645;285;13;204;468;218;26;11;22;607;178;5596;10;142;329;430;1006
01/05/1993;55;87;97;100;68;77;111;52;36;34;1125;462;77;121;31;998;61;47;437;1799;60;395;812;80;13;127;408;244;521;99;3;4;2;5778;18;19;16;20;2787;394;306;67;56;185;37;6;777;293;13;212;467;221;26;12;21;640;173;5505;10;137;337;468;979
01/06/1993;53;86;95;98;66;76;108;53;35;32;1168;390;75;124;31;942;62;48;441;1858;58;376;932;77;13;131;397;260;494;93;3;4;2;5544;17;18;15;19;2722;377;294;68;56;189;37;6;804;275;13;211;470;222;25;10;21;650;167;5115;10;122;328;470;928
01/07/1993;53;87;97;100;73;77;109;54;33;31;1203;351;74;128;31;1059;72;50;461;1927;58;375;930;77;13;130;390;241;467;102;3;4;2;5051;16;17;14;18;2694;404;299;65;57;210;37;5;830;307;13;251;535;259;25;10;22;695;165;4979;10;128;324;465;930
01/08/1993;53;86;96;98;78;76;107;53;33;31;1173;317;70;127;31;1087;77;59;455;1951;56;388;945;79;13;130;390;221;450;100;3;4;2;4740;16;17;15;18;2685;443;294;68;58;210;37;5;836;271;13;239;520;247;25;9;22;698;167;4819;10;130;314;451;887
01/09/1993;52;85;95;97;85;74;107;51;32;30;1117;351;64;124;31;1263;80;63;471;1858;55;390;1146;80;13;133;376;214;384;101;3;4;2;4376;16;16;14;18;2744;605;291;69;58;206;37;5;851;281;12;220;518;236;25;10;22;714;180;4511;10;131;311;424;876
01/10/1993;52;84;94;95;84;74;108;49;33;31;1089;331;61;121;31;1290;75;60;472;1647;55;387;1150;82;13;131;386;211;378;106;3;3;2;4465;16;17;15;18;2706;621;275;67;56;257;36;4;851;296;12;211;502;226;25;10;22;757;196;4687;10;136;317;455;919
01/11/1993;50;84;95;97;85;73;106;48;31;28;1040;368;64;120;31;1322;77;63;503;1633;55;373;1150;81;13;129;402;204;333;116;3;3;2;4642;15;15;13;17;2665;441;298;61;55;323;37;4;835;294;12;228;555;244;25;10;22;793;182;4644;10;147;326;498;929
01/12/1993;49;86;98;99;88;73;105;50;28;25;1091;415;68;112;31;1360;80;63;554;1724;59;393;1150;80;13;129;460;199;305;121;3;3;2;5140;13;14;12;15;2682;321;338;58;54;315;37;4;830;286;12;224;615;253;25;11;22;905;186;4782;10;159;320;465;976
01/01/1994;50;87;99;101;82;74;105;52;29;27;1170;533;75;110;31;1264;77;61;581;1807;68;396;1150;75;11;130;491;216;295;127;2;3;2;5584;14;14;13;15;2687;304;335;62;53;354;37;4;774;305;12;217;651;256;25;10;22;891;164;4951;9;153;320;542;999
01/02/1994;51;89;100;102;84;77;107;55;29;26;1271;667;72;113;31;1227;82;62;577;1865;80;398;1150;75;11;130;484;216;303;124;2;3;3;5830;14;14;13;15;2661;340;320;68;54;363;39;4;758;305;12;215;627;250;25;11;22;792;174;5442;9;147;338;606;970
01/03/1994;51;89;100;101;89;78;109;55;28;26;1288;506;68;122;30;1307;86;66;598;1913;82;393;958;79;11;131;451;207;311;120;2;3;2;5590;14;14;13;15;2683;464;326;63;55;274;41;5;771;286;13;213;633;251;25;12;22;770;186;5406;9;141;379;610;938
01/04/1994;53;91;100;101;90;81;117;55;30;28;1277;496;67;119;30;1244;89;73;598;1881;83;378;940;85;11;130;440;200;362;113;2;3;2;5400;15;15;14;16;2669;358;359;60;56;269;43;5;820;316;14;208;614;243;25;11;22;758;186;5383;9;140;377;646;924
01/05/1994;55;93;103;102;110;83;118;58;33;31;1321;376;69;108;31;1379;122;96;601;2145;86;390;905;87;11;127;476;204;346;111;2;3;2;6083;16;16;15;18;2705;416;403;61;59;235;44;5;855;297;14;211;637;250;25;12;22;757;184;5493;9;140;398;720;957
01/06/1994;57;95;104;101;123;87;121;61;34;32;1402;251;68;101;34;1459;143;113;598;2363;86;397;870;89;11;127;524;195;345;112;2;3;2;6287;17;17;16;19;2744;437;420;61;59;216;48;5;877;326;14;217;604;250;25;12;22;722;197;5498;9;139;394;779;966
01/07/1994;58;96;105;99;161;87;120;64;35;34;1492;446;64;99;33;1556;218;165;576;2447;82;402;870;90;11;126;579;203;332;99;2;3;2;6231;18;18;17;20;3554;537;420;61;58;226;57;5;876;285;14;200;539;223;26;12;23;661;182;5301;9;138;412;773;963
01/08/1994;57;96;105;99;155;87;120;62;34;32;1457;407;66;100;33;1551;198;163;589;2410;77;409;870;90;11;120;571;193;359;96;2;4;2;5856;17;17;16;18;3548;544;473;60;56;250;57;5;887;302;14;192;539;214;26;12;22;643;184;5173;9;146;426;807;947
01/09/1994;57;98;108;101;167;89;120;66;32;30;1571;438;72;100;33;1486;220;183;654;2505;75;418;870;94;11;120;613;194;300;98;2;4;1;6371;16;16;15;17;3596;539;507;50;56;260;57;5;862;294;14;186;570;208;26;13;22;667;201;5319;9;159;444;876;994
01/10/1994;57;98;106;100;156;90;118;69;33;31;1694;324;80;96;33;1448;199;170;731;2546;74;431;870;94;11;124;641;187;292;96;2;3;2;6736;16;16;15;18;3694;435;511;45;54;262;62;5;807;286;15;179;567;199;27;13;22;647;191;5479;10;167;433;825;1060
01/11/1994;58;99;103;99;145;94;119;76;34;32;1886;297;84;99;33;1431;182;155;655;2804;77;413;829;93;11;123;679;212;279;96;2;3;2;7475;17;17;16;18;3656;329;584;40;52;265;61;5;792;286;15;175;615;205;26;14;22;685;178;6139;10;162;446;882;1150
01/12/1994;57;100;104;101;132;96;120;78;33;30;1878;537;86;101;36;1398;167;130;699;2981;86;413;770;91;11;121;634;189;273;103;2;3;2;8541;16;16;15;17;3587;232;590;45;51;261;66;5;778;307;15;173;638;206;26;15;22;688;172;5936;10;165;426;878;1113
01/01/1995;59;101;104;100;135;99;121;83;34;32;2059;358;85;98;37;1468;172;133;721;3003;95;445;770;90;12;121;665;212;249;107;3;3;1;9596;17;17;16;18;3622;351;541;53;51;275;75;5;794;282;16;173;616;203;26;15;23;669;164;6188;11;156;447;904;1155
01/02/1995;59;101;105;102;136;97;123;77;35;33;1905;580;86;98;38;1511;169;135;654;2870;100;467;770;91;12;118;578;212;252;107;3;4;2;8431;17;17;17;19;3772;418;546;56;51;286;80;5;753;294;16;170;599;204;26;14;23;641;169;5431;11;154;468;892;1031
01/03/1995;60;102;106;102;142;98;130;75;35;33;1800;398;91;94;38;1485;178;147;704;2920;110;480;775;98;12;117;582;226;285;110;3;4;2;7522;17;17;16;19;4161;449;568;54;52;283;82;5;714;299;16;177;611;209;27;15;22;645;172;5516;12;150;517;887;1022
01/04/1995;61;102;105;101;140;100;132;76;37;35;1849;386;93;88;37;1464;173;145;717;2895;113;483;780;102;12;115;606;199;303;110;3;4;2;7405;19;19;18;20;4504;556;511;51;51;282;83;5;733;294;16;184;567;211;27;14;23;621;168;5854;12;149;520;868;1059
01/05/1995;61;101;105;102;137;97;131;73;37;35;1765;393;101;82;39;1448;169;142;605;2772;116;477;778;100;12;112;596;204;289;112;3;4;2;7262;18;18;17;20;4446;562;491;48;52;288;78;5;751;294;16;186;565;212;26;14;23;613;164;5925;12;159;516;839;1037
01/06/1995;60;102;108;106;127;96;125;76;35;33;1776;369;106;80;41;1437;152;130;614;2988;104;479;813;92;12;112;610;192;281;120;3;4;2;7877;17;17;16;18;4465;655;522;56;54;326;70;5;759;317;16;190;586;217;27;14;24;641;146;6647;12;170;519;826;1008
01/07/1995;59;103;111;110;120;95;118;79;33;30;1867;535;113;77;41;1361;144;121;627;3076;96;539;818;86;12;108;622;169;262;127;3;4;1;8618;16;16;15;17;4625;687;563;66;56;346;61;5;752;318;16;199;606;227;27;14;24;671;143;6641;12;190;538;751;1028
01/08/1995;59;102;110;108;127;93;113;79;34;31;1890;520;105;79;41;1410;151;131;618;3040;85;533;791;82;12;106;623;173;241;126;3;3;2;8932;16;16;15;18;4591;608;540;78;59;341;59;5;742;305;15;195;580;219;26;13;23;643;150;6966;12;184;547;789;1015
01/09/1995;59;100;110;109;118;91;114;75;34;31;1762;520;105;82;41;1395;132;116;584;2910;91;543;800;82;12;105;591;193;224;131;3;3;2;8397;17;17;15;18;4750;538;525;76;61;360;61;5;729;300;15;210;579;233;26;12;23;627;163;6334;12;194;507;733;988
01/10/1995;58;100;111;111;116;89;111;72;33;30;1672;433;113;85;41;1395;125;114;576;2810;92;552;898;82;12;113;639;176;234;141;3;3;2;8069;16;16;15;17;4973;546;554;79;59;383;64;4;723;275;14;219;588;241;26;12;23;630;177;6210;12;204;496;622;980
01/11/1995;58;100;109;108;116;90;113;74;34;32;1656;441;126;89;40;1436;123;113;594;2982;89;615;925;78;12;117;711;186;231;143;3;3;2;8498;17;17;16;18;5082;564;550;66;60;341;73;4;716;323;13;231;566;250;26;12;23;601;174;6382;12;204;437;601;1033
01/12/1995;59;99;109;109;104;88;109;73;36;34;1658;408;125;87;39;1381;104;95;577;2918;88;645;883;73;12;115;728;184;242;148;3;3;3;8074;18;18;17;19;5003;443;540;71;59;341;74;4;716;306;13;249;554;264;26;12;23;577;180;6276;12;209;453;591;1017
01/01/1996;59;98;110;111;104;86;109;70;36;33;1584;413;125;86;39;1349;109;92;562;2605;86;695;852;74;13;116;710;220;234;157;3;4;3;7871;18;18;17;19;5509;418;482;73;58;364;70;4;719;298;13;258;533;270;25;13;22;569;174;6257;12;196;457;584;1020
01/02/1996;60;100;113;113;111;86;109;70;36;33;1595;591;123;83;39;1371;124;100;536;2545;87;706;835;75;13;115;768;195;246;165;3;4;4;8199;18;18;16;19;6068;434;483;79;57;367;71;4;714;290;13;254;536;268;26;13;23;567;177;6189;16;206;450;525;1036
01/03/1996;62;100;113;114;105;88;111;71;39;36;1615;500;124;79;39;1339;119;92;519;2563;83;664;829;78;13;118;817;215;253;171;3;4;3;8046;19;20;17;21;6032;474;463;90;55;363;71;4;729;299;13;251;534;266;25;13;23;550;169;6205;16;205;439;574;1063
01/04/1996;64;104;120;121;109;89;113;71;41;39;1587;605;133;82;39;1457;122;91;530;2594;83;638;811;85;13;135;812;153;252;189;3;4;2;8047;21;21;18;24;5910;529;495;100;56;326;67;4;751;307;13;274;580;290;25;12;23;595;172;6467;16;240;417;598;1044
01/05/1996;63;107;123;124;113;90;117;71;38;36;1594;536;138;81;38;1524;129;92;591;2659;83;604;814;88;13;146;841;203;262;204;3;4;2;8043;19;19;17;21;5907;520;503;112;60;332;67;4;753;296;13;272;598;296;25;11;23;618;176;6402;16;249;440;744;1037
01/06/1996;61;102;118;119;111;86;115;65;37;35;1486;485;138;77;38;1538;128;86;594;2178;83;597;800;82;13;153;797;209;256;197;3;4;2;7713;19;18;17;20;6015;559;447;102;65;342;67;4;748;314;14;264;566;285;26;12;22;585;171;6184;17;215;448;701;1009
01/07/1996;62;101;116;118;104;86;117;63;39;37;1460;425;133;78;38;1490;120;78;583;1984;80;577;803;90;13;152;784;204;260;198;3;4;3;7203;20;20;18;21;5904;527;418;125;66;358;61;4;744;305;13;273;550;289;26;13;22;568;160;6246;17;196;420;671;1001
01/08/1996;62;101;115;116;106;87;120;63;40;38;1467;406;115;80;38;1502;122;80;564;2018;77;565;793;96;13;151;816;213;263;187;3;4;2;7038;20;20;19;22;5811;527;450;125;67;336;59;4;743;311;13;282;552;296;26;12;22;566;168;6110;16;181;418;752;1008
01/09/1996;63;97;107;108;103;87;123;62;43;41;1406;396;103;79;38;1476;114;75;575;1935;75;606;797;99;13;155;794;203;259;145;3;4;2;7330;22;22;20;24;5925;528;469;76;67;328;59;4;755;336;13;294;555;297;26;12;22;562;187;6094;16;171;404;738;999
01/10/1996;64;95;104;104;104;86;123;60;45;44;1336;375;102;81;38;1478;121;73;583;1960;75;627;807;102;13;160;741;226;253;129;3;4;2;7029;23;24;22;25;6024;474;448;77;66;313;56;4;753;317;13;261;510;260;26;11;22;518;184;5933;16;170;416;682;1003
01/11/1996;63;96;104;105;103;87;118;64;44;42;1451;427;100;82;36;1466;120;71;572;2215;76;644;795;90;13;170;720;218;253;117;3;4;3;6961;22;22;21;24;6236;475;467;76;66;315;58;4;754;336;14;256;510;255;28;11;22;515;189;5994;15;169;419;617;1044
01/12/1996;64;96;105;105;100;86;115;65;46;44;1501;476;101;83;35;1474;115;63;548;2265;78;629;784;91;13;174;689;189;234;117;3;4;4;6571;24;24;22;25;6242;434;481;77;65;314;57;4;727;309;15;258;506;257;28;11;22;513;198;5826;15;168;418;633;1037
01/01/1997;65;98;108;108;104;89;117;68;45;44;1575;669;99;81;35;1429;132;68;530;2427;80;608;757;90;13;174;692;230;241;119;3;4;3;7069;23;23;21;25;6226;425;523;75;64;356;56;4;740;310;15;261;526;268;28;11;22;527;189;5871;14;168;409;678;1086
01/02/1997;62;99;108;107;115;90;119;69;41;38;1582;787;98;85;35;1373;167;77;545;2407;80;602;751;93;13;159;658;213;234;122;3;4;2;7737;21;21;19;22;5203;407;532;72;63;347;55;4;753;314;15;273;527;281;27;11;22;522;194;5874;14;164;443;731;1178
01/03/1997;62;101;110;108;129;92;121;70;38;36;1631;767;100;93;35;1522;194;81;528;2420;81;593;800;99;13;154;694;208;237;128;3;4;2;7893;19;19;18;21;4816;420;508;69;62;323;56;4;757;298;16;301;544;306;27;11;22;533;213;5901;14;168;426;720;1254
01/04/1997;60;100;111;109;134;89;118;68;36;34;1561;608;98;91;35;1571;204;78;554;2389;79;585;883;99;13;150;642;202;240;125;3;4;2;7313;18;17;17;20;4235;451;509;77;61;299;52;4;750;270;16;309;537;313;27;11;22;533;240;5708;13;176;451;764;1240
01/05/1997;62;101;113;108;156;90;116;70;39;37;1625;414;100;87;36;1568;264;96;567;2513;79;589;955;89;13;149;618;181;252;119;3;4;2;7476;19;19;18;21;4247;470;509;82;61;325;50;4;748;313;16;325;530;320;27;11;22;552;253;5705;12;168;467;805;1310
01/06/1997;59;97;107;103;142;87;110;70;36;34;1567;469;95;80;35;1694;213;92;554;2611;81;611;931;82;13;151;614;193;265;113;3;4;2;7060;18;18;17;19;3452;440;472;83;61;323;50;4;737;279;16;301;508;305;27;11;22;534;225;5560;11;141;479;829;1355
01/07/1997;58;96;105;102;133;86;110;69;37;35;1592;458;92;82;35;1677;187;83;543;2449;81;627;910;80;13;151;634;196;254;106;3;4;2;6833;18;18;17;20;3760;516;445;83;61;320;43;4;706;303;17;284;483;281;28;12;22;524;245;5436;10;130;479;826;1517
01/08/1997;59;95;104;101;132;87;108;71;37;35;1710;409;91;83;37;1649;185;77;502;2250;81;656;907;84;13;144;607;174;245;112;3;3;2;6764;19;19;18;20;3608;572;445;77;63;285;42;4;649;290;17;280;490;268;27;12;22;533;258;5423;10;139;428;766;1651
01/09/1997;58;94;103;99;134;84;108;68;37;35;1612;450;93;80;37;1766;184;77;528;2104;80;680;915;85;13;140;633;166;233;112;3;4;3;6498;19;18;18;20;3839;547;461;71;63;270;39;4;587;299;16;278;510;255;27;11;22;551;248;5493;10;138;449;802;1638
01/10/1997;59;92;102;99;127;82;105;66;40;38;1607;381;103;80;37;1741;161;77;576;2051;78;697;944;86;13;143;598;158;227;120;2;4;3;6373;20;20;19;21;3915;493;491;66;60;266;40;4;535;278;16;245;542;251;27;11;22;591;253;5557;11;136;435;769;1277
01/11/1997;58;92;102;100;126;82;107;64;38;36;1598;435;102;83;34;1696;154;78;687;1918;77;742;895;89;13;148;563;152;214;117;2;4;3;6137;19;19;18;20;3882;415;493;63;58;252;38;4;516;299;16;260;566;265;28;12;22;652;265;5651;13;135;435;740;1171
01/12/1997;55;89;100;97;134;77;100;61;34;32;1531;425;97;84;31;1739;174;85;641;1761;74;761;843;82;13;138;526;150;211;114;2;4;2;5942;17;17;16;18;3655;353;499;57;56;264;33;4;471;276;17;241;547;255;28;12;22;630;265;5506;13;130;414;688;1101
01/01/1998;51;86;99;95;137;72;91;59;31;28;1485;453;96;83;31;1671;175;86;630;1688;72;756;807;67;13;130;531;157;197;114;2;3;2;5489;15;15;13;17;3475;362;549;51;56;294;31;3;413;287;17;218;550;246;27;12;22;629;317;5200;12;127;399;636;1096
01/02/1998;51;87;99;95;137;75;97;58;29;27;1465;439;91;82;33;1643;176;86;646;1664;69;754;770;78;13;127;516;163;202;114;2;3;2;5367;14;14;12;16;3164;395;596;50;56;297;37;3;504;278;17;207;581;247;27;11;22;637;329;5236;11;128;407;632;1043
01/03/1998;49;87;98;95;128;76;99;59;28;25;1438;456;93;82;32;1721;155;85;648;1747;68;742;744;83;13;123;559;154;195;114;2;3;2;5397;13;13;12;15;3106;408;600;50;57;295;34;4;506;279;17;189;597;240;28;10;22;662;261;5469;11;128;385;626;1047
01/04/1998;50;88;99;96;126;76;99;59;28;25;1418;780;92;82;31;1720;147;91;665;1800;66;744;740;84;13;121;572;165;169;107;2;3;2;5391;13;13;11;15;3093;444;629;51;58;311;35;4;506;280;17;176;614;235;28;10;22;687;234;5707;11;118;380;628;1096
01/05/1998;50;87;100;98;122;75;99;57;29;26;1364;680;93;80;30;1781;134;93;662;1732;64;733;740;85;13;115;543;155;149;106;2;3;2;5017;14;14;13;15;3161;449;644;61;59;319;35;4;473;298;17;171;617;236;27;9;22;748;190;5868;11;118;356;606;1060
01/06/1998;48;86;98;96;116;73;98;55;26;23;1306;660;92;77;30;1723;122;85;650;1657;69;728;803;83;13;106;526;160;133;102;2;3;2;4457;12;12;12;14;3184;458;583;60;63;331;32;4;451;291;17;178;565;231;27;8;22;717;218;5968;11;112;348;595;1008
01/07/1998;47;83;95;93;113;71;94;55;26;24;1313;457;85;76;30;1712;114;78;608;1656;70;707;893;81;13;104;544;142;135;101;2;3;2;4333;13;12;12;14;3172;543;584;52;67;323;32;4;438;268;16;188;545;232;27;9;23;702;226;5651;11;107;309;583;1044
01/08/1998;46;81;91;88;115;71;94;54;26;23;1311;354;73;76;26;1683;120;80;589;1620;68;709;946;81;13;103;527;173;137;88;2;3;2;4078;12;12;12;13;3148;507;590;49;71;323;30;4;456;269;16;153;523;202;27;8;22;659;238;5690;11;97;297;500;1029
01/09/1998;47;80;89;87;111;71;92;55;28;26;1342;355;73;75;27;1686;108;81;610;1647;66;727;841;75;13;117;519;165;150;86;2;3;2;4101;14;13;13;15;3293;499;627;41;71;322;31;4;503;277;15;143;545;193;28;7;22;652;225;5480;10;98;280;463;1000
01/10/1998;46;79;90;88;109;68;88;53;27;25;1304;334;75;74;27;1648;107;80;635;1585;61;707;752;68;13;121;493;167;164;95;2;3;2;3870;13;13;13;14;3347;433;613;39;69;298;33;4;510;266;14;151;544;201;28;7;22;643;210;5424;10;112;287;417;941
01/11/1998;45;79;90;88;110;67;88;53;25;22;1295;561;79;76;26;1600;115;80;610;1574;56;654;755;67;13;115;493;155;159;97;2;3;2;4117;12;11;12;13;3282;428;617;24;67;270;33;4;514;282;14;160;546;210;28;8;22;639;207;5478;9;116;295;472;966
01/12/1998;42;77;87;85;109;67;88;51;22;20;1250;378;78;76;26;1524;116;83;613;1476;56;549;750;68;13;111;501;153;162;95;2;3;2;3866;10;10;10;11;3299;384;580;19;65;283;30;4;535;284;14;161;523;205;28;8;22;607;207;5262;8;112;295;475;962
01/01/1999;43;77;88;86;107;67;90;50;23;21;1219;490;78;78;26;1456;111;82;571;1432;56;528;734;69;12;110;492;158;176;97;2;3;2;4264;11;11;11;12;3261;417;561;35;63;302;32;4;538;291;14;150;505;195;27;8;22;571;225;5103;9;112;299;489;932
01/02/1999;42;75;84;82;103;67;90;50;22;20;1186;448;75;82;26;1411;103;78;500;1413;56;509;704;70;12;109;513;163;177;95;2;3;2;4623;11;10;10;12;3216;404;485;37;61;280;31;4;538;286;14;143;443;180;27;7;22;482;225;5262;9;104;287;493;1018
01/03/1999;44;75;82;80;99;68;92;50;26;24;1180;449;75;82;26;1314;103;73;431;1378;57;434;713;71;12;108;507;163;173;96;2;3;2;5003;13;12;12;14;3767;440;429;35;59;256;29;4;556;301;14;144;411;175;27;6;23;454;232;5293;10;105;297;627;1029
01/04/1999;47;75;82;80;94;68;90;52;30;29;1278;417;80;79;26;1178;100;69;440;1464;58;402;717;67;12;109;517;162;175;94;2;3;2;5055;16;15;15;17;3824;447;440;39;58;236;27;4;566;285;14;147;422;178;27;5;23;476;237;5382;11;102;299;680;1018
01/05/1999;48;76;82;80;92;69;91;54;31;30;1323;331;82;80;26;1059;109;68;444;1510;60;386;757;66;12;112;541;167;177;93;2;3;2;5396;16;15;15;18;3877;444;398;49;60;244;27;4;580;304;15;145;401;171;27;6;23;492;222;5643;11;100;289;620;1040
01/06/1999;47;74;80;79;92;69;91;53;32;30;1316;285;81;80;26;1163;104;66;413;1422;59;381;804;67;12;111;495;161;184;93;2;3;2;5195;16;16;15;18;3830;484;331;46;61;255;27;3;608;291;15;150;373;170;27;6;23;463;207;5263;11;100;288;677;1000
01/07/1999;50;74;77;76;86;71;91;56;36;35;1403;344;77;82;26;1113;91;62;398;1639;54;394;799;68;12;115;495;157;186;84;2;3;2;5696;19;19;18;20;3659;460;280;44;61;256;26;3;622;291;15;143;341;158;26;5;23;437;206;5210;10;93;286;690;1071
01/08/1999;52;76;80;80;83;72;93;58;38;38;1422;352;75;88;26;1004;88;64;366;1647;51;409;750;72;12;123;502;159;198;86;2;4;3;6431;20;20;19;21;3736;492;308;53;60;251;25;3;629;296;15;154;369;172;27;6;21;460;209;5224;10;98;254;631;1130
01/09/1999;55;78;80;80;84;76;97;60;42;42;1492;354;71;86;26;1061;81;60;450;1750;49;430;767;78;12;119;507;159;202;87;2;4;3;7029;22;22;21;24;3773;472;342;49;61;233;27;3;643;315;15;162;376;181;27;7;20;464;239;5337;10;95;247;623;1193
01/10/1999;55;78;79;78;88;76;99;60;42;42;1473;329;72;85;26;1022;92;59;398;1723;47;433;769;80;12;125;496;174;198;86;2;4;3;7318;22;22;22;23;3853;518;326;47;59;217;29;4;643;323;14;166;362;178;28;7;19;438;280;5425;10;89;247;620;1148
01/11/1999;57;78;80;78;93;76;98;60;45;45;1472;333;73;88;25;922;114;64;369;1727;46;438;819;80;12;124;478;171;199;85;2;4;2;7947;24;25;23;25;3709;340;316;48;59;228;34;4;643;310;15;164;356;171;27;7;17;431;278;5835;10;92;255;632;1146
01/12/1999;58;79;81;79;92;77;97;62;46;47;1555;355;72;89;25;919;124;66;365;1765;44;454;819;78;12;125;479;180;199;87;2;4;2;8073;25;25;24;26;3300;339;312;51;59;231;31;4;643;314;15;161;350;170;27;6;18;430;229;5719;10;90;267;649;1185
01/01/2000;59;80;82;81;85;78;96;66;47;47;1680;483;73;88;25;918;109;54;366;1844;47;452;781;76;12;128;472;177;193;93;3;5;2;8315;25;25;23;27;3554;349;302;52;58;248;29;4;643;295;15;172;356;180;27;6;18;429;228;5926;10;94;276;724;1179
01/02/2000;62;81;82;82;80;79;98;66;51;51;1679;580;73;89;25;861;102;50;350;1807;53;449;824;76;12;123;453;178;184;95;3;5;3;9584;27;28;25;29;3488;324;278;55;58;243;33;4;643;313;15;180;347;186;27;5;17;406;234;5669;9;98;260;727;1098
01/03/2000;62;81;82;82;82;79;100;64;51;51;1580;420;74;90;25;926;98;47;354;1740;57;435;795;78;12;123;442;178;191;95;3;5;3;10255;27;27;25;30;3444;299;294;58;57;229;31;4;636;321;15;186;371;191;26;5;18;407;253;5464;9;96;267;767;1113
01/04/2000;58;81;84;85;79;77;100;61;45;44;1459;482;77;90;25;912;93;45;374;1682;59;424;808;79;12;110;423;183;192;96;3;5;3;9747;23;23;22;26;3404;337;318;67;57;217;32;4;636;299;15;188;400;197;26;6;19;436;249;5398;9;94;274;801;1133
01/05/2000;62;81;85;85;79;78;101;62;51;51;1468;415;78;91;26;909;92;45;356;1785;61;417;805;79;12;106;413;181;192;96;3;5;4;10123;27;27;26;29;3244;411;283;69;58;199;31;4;634;311;15;201;381;201;25;7;19;413;252;5438;9;99;290;818;1154
01/06/2000;65;80;83;84;76;77;98;61;56;55;1509;413;78;88;26;948;84;44;359;1752;59;453;785;75;12;104;420;181;194;84;3;5;4;8384;30;30;27;32;2971;426;272;69;59;198;30;4;629;303;15;191;359;187;25;8;19;373;241;5461;8;103;294;764;1116
01/07/2000;63;79;81;81;77;77;98;63;54;53;1564;308;79;87;26;967;85;42;344;1803;58;471;765;78;12;102;453;174;192;75;4;5;4;8175;28;29;26;30;2670;402;267;67;60;191;29;4;628;290;15;176;341;169;25;10;19;354;247;5330;8;97;302;747;1136
01/08/2000;64;78;79;80;72;77;96;62;56;55;1530;347;75;86;26;878;75;39;346;1857;61;462;764;82;12;105;473;183;191;75;4;6;4;8038;29;30;27;31;2667;392;257;59;60;187;30;4;605;239;15;171;337;168;25;11;19;353;261;5314;8;97;290;717;1173
01/09/2000;67;79;78;79;72;80;100;65;60;60;1602;427;73;83;27;883;74;39;333;1962;62;462;772;85;12;109;488;192;194;80;4;6;5;8625;32;33;30;34;2568;365;240;57;62;178;30;3;545;275;15;188;341;180;24;10;20;355;262;5472;8;103;283;696;1222
01/10/2000;66;77;77;77;71;77;99;61;60;59;1501;379;76;83;27;878;75;37;324;1894;61;457;745;85;12;113;485;176;190;85;4;6;5;7651;31;31;30;33;2598;380;208;55;62;187;30;3;538;270;15;186;329;174;24;10;22;339;253;5266;7;108;280;688;1092
01/11/2000;67;77;76;77;69;77;100;60;61;61;1476;371;82;90;27;874;70;33;315;1796;64;450;782;84;12;112;466;188;188;89;4;6;6;7351;32;33;30;34;2552;364;215;49;62;185;29;3;526;290;15;194;330;177;24;10;22;333;251;5265;7;105;268;664;1059
01/12/2000;61;77;79;80;66;76;95;62;51;47;1569;443;87;88;31;893;64;31;335;1852;66;493;800;85;12;118;464;178;180;96;4;6;9;7319;25;25;22;28;2602;309;199;55;62;184;28;3;524;212;16;212;328;186;24;10;21;356;245;5227;7;114;287;688;1059
01/01/2001;62;78;79;80;68;78;99;62;52;49;1620;533;86;88;32;966;65;33;343;1787;64;501;809;85;13;123;479;179;172;94;4;5;8;6976;26;26;23;30;2624;349;192;50;62;184;28;3;517;276;16;198;321;175;25;10;21;347;236;5169;7;109;310;716;1033
01/02/2001;62;78;79;79;72;77;99;62;53;51;1607;681;82;88;32;1157;67;32;331;1766;60;513;800;84;13;124;502;170;173;92;4;5;6;6547;27;27;25;30;2552;407;185;54;62;185;27;3;502;290;16;179;325;167;24;9;22;349;230;5121;7;103;324;733;1022
01/03/2001;60;78;80;81;71;76;100;59;50;47;1512;555;83;91;33;1124;66;31;351;1742;55;497;789;93;13;138;499;160;166;91;4;5;5;6165;25;24;23;27;2565;555;211;63;62;177;26;3;500;263;17;170;352;164;24;9;22;380;225;5050;8;106;315;688;1006
01/04/2001;61;78;79;80;68;78;106;59;51;48;1499;532;85;90;34;1084;66;29;362;1666;51;481;749;101;13;132;478;158;163;88;4;5;5;6363;26;26;24;27;2598;630;209;65;62;162;26;3;500;289;17;169;334;159;24;8;22;372;212;4950;8;106;328;761;970
01/05/2001;63;80;81;82;68;79;105;60;54;52;1542;638;90;91;34;1077;69;30;371;1685;50;479;740;102;13;130;466;158;164;85;4;5;4;7086;28;28;26;29;2582;734;194;71;63;164;28;3;500;276;17;178;324;164;24;9;21;380;196;4952;9;111;326;717;938
01/06/2001;62;79;81;83;63;77;104;58;53;51;1471;610;95;94;34;973;64;29;362;1610;47;509;736;98;13;125;445;157;165;83;4;5;4;6674;27;28;26;28;2536;831;209;73;64;168;28;3;477;305;17;185;332;170;23;9;21;413;191;4830;9;109;327;684;897
01/07/2001;60;78;84;86;62;73;97;55;49;47;1419;701;102;98;34;965;58;28;372;1527;46;525;761;88;13;119;462;155;162;91;4;5;3;5963;25;25;23;26;2559;963;280;73;64;170;27;3;481;289;17;194;383;187;24;9;21;453;196;4344;9;108;328;631;853
01/08/2001;60;76;83;86;63;69;91;54;50;48;1378;682;99;102;34;1032;60;26;435;1466;43;545;771;77;13;130;484;157;160;93;4;5;3;5526;26;26;24;27;2627;785;313;72;66;169;27;3;476;292;15;189;397;183;24;8;21;465;198;3929;9;104;349;618;830
01/09/2001;58;73;80;82;61;67;88;52;49;47;1346;584;100;107;33;1026;58;24;445;1428;41;549;750;73;13;138;465;160;156;90;4;5;2;5058;25;26;24;26;2737;578;260;64;66;173;26;3;490;283;14;184;358;172;24;7;21;430;191;3698;9;103;341;524;800
01/10/2001;52;70;76;78;61;64;84;50;41;39;1284;487;102;103;32;1085;57;21;441;1377;37;556;716;71;13;135;469;145;151;86;3;5;2;4831;21;20;20;22;2843;424;232;57;66;171;24;3;485;274;13;178;334;161;24;7;21;440;177;3749;9;105;330;442;762
01/11/2001;50;71;76;78;64;66;86;52;37;35;1334;494;101;104;29;1232;59;22;432;1434;38;585;719;73;13;135;487;152;146;90;3;4;2;5131;19;19;18;20;2936;466;282;49;64;170;23;3;466;289;12;178;353;163;24;7;21;576;162;4059;9;107;336;466;774
01/12/2001;49;71;76;77;66;66;83;53;37;35;1349;519;103;101;27;1337;56;24;458;1473;43;619;700;69;13;136;483;141;140;92;3;4;2;5316;19;19;18;19;2848;426;295;47;63;179;22;3;469;267;12;167;349;160;24;7;21;628;164;4022;10;104;376;501;758
01/01/2002;50;71;77;77;68;66;83;54;38;36;1371;429;99;101;29;1386;57;23;444;1508;43;622;700;68;13;138;511;145;134;92;3;4;2;6061;19;19;18;20;2789;444;310;54;63;191;26;3;471;253;12;170;343;160;24;7;21;567;173;3868;10;106;444;600;794
01/02/2002;51;72;76;77;72;68;87;54;39;37;1371;511;99;103;30;1490;61;24;434;1561;43;633;700;72;13;137;481;140;136;91;3;4;2;6040;20;20;19;21;2775;455;297;55;63;194;28;3;483;271;12;165;342;160;24;6;21;563;170;3725;10;104;516;622;773
01/03/2002;56;74;79;78;79;70;90;56;45;44;1405;571;99;109;30;1592;66;30;410;1607;42;633;677;80;13;137;481;144;143;90;3;4;3;6543;24;24;23;24;2796;590;302;51;63;189;30;3;482;241;11;174;357;169;24;6;20;547;195;3851;10;103;529;608;820
01/04/2002;58;74;77;77;78;71;92;55;48;48;1370;570;96;104;29;1568;66;30;411;1589;41;647;618;84;13;138;472;150;144;87;3;4;3;6957;25;26;24;26;2814;579;311;45;63;190;31;3;485;248;10;176;365;171;24;5;20;546;186;4026;10;105;525;615;808
01/05/2002;58;75;79;79;75;70;93;54;48;48;1344;631;98;96;29;1605;58;29;410;1597;40;662;586;84;13;141;450;141;149;90;3;4;4;6771;26;25;25;27;2821;636;338;47;63;198;32;3;485;254;10;180;377;177;24;6;20;525;164;4153;10;104;520;619;768
01/06/2002;58;77;81;82;76;72;96;55;46;46;1357;644;104;94;27;1656;55;29;438;1651;43;644;601;87;13;143;440;133;163;93;3;5;3;7148;24;24;24;26;2834;635;376;50;64;202;38;3;500;260;10;186;399;185;25;5;20;557;169;4303;10;115;549;603;769
01/07/2002;60;79;85;86;81;73;98;55;49;48;1338;546;114;97;25;1872;53;29;469;1588;47;652;606;84;13;151;446;150;173;100;3;6;3;7138;26;26;25;27;2982;653;369;55;64;200;38;3;507;287;10;204;423;209;26;6;21;596;175;4314;10;133;540;569;795
01/08/2002;61;79;86;87;83;72;99;52;50;50;1293;420;121;96;24;1959;52;29;482;1483;49;650;630;86;13;149;424;146;182;110;3;5;3;6737;27;27;25;28;2957;638;392;46;64;191;39;3;533;281;10;201;453;208;26;6;21;640;182;3832;10;150;535;576;749
01/09/2002;63;81;89;88;92;73;102;53;52;53;1302;493;120;93;24;2167;58;33;539;1479;49;663;650;86;13;150;421;149;181;114;3;5;4;6665;28;28;27;30;3000;627;369;37;64;188;40;3;565;309;10;200;443;208;26;6;22;632;193;3962;10;173;584;642;756
01/10/2002;63;81;89;89;94;74;102;53;52;52;1311;550;121;87;26;2201;64;34;523;1486;50;655;650;86;13;155;418;148;179;110;3;5;4;6819;28;28;26;29;2988;614;373;43;63;185;37;3;565;299;10;185;446;200;26;7;22;635;181;4242;10;180;664;748;755
01/11/2002;60;81;87;87;88;74;100;55;47;46;1373;400;120;82;26;1825;70;39;565;1581;52;650;694;81;13;155;441;157;181;109;3;5;4;7315;25;25;23;27;3013;477;410;41;62;187;38;3;564;284;11;184;491;210;26;7;22;732;178;4229;10;164;692;768;765
01/12/2002;63;80;88;87;91;72;95;55;53;52;1376;566;117;84;26;2026;64;39;623;1593;55;635;748;71;13;158;441;148;183;107;3;5;5;7206;28;29;26;29;3038;427;434;44;61;185;38;3;565;291;11;182;479;208;26;8;22;730;184;4227;10;149;689;763;794
01/01/2003;66;81;89;88;97;73;96;57;58;58;1379;561;114;85;27;2190;65;43;621;1650;57;642;775;70;14;163;445;143;187;106;3;5;5;8033;31;31;28;33;3257;547;431;47;62;200;41;3;552;295;11;185;453;209;27;8;22;659;182;4445;10;140;726;801;782
01/02/2003;69;82;89;88;99;74;96;59;62;62;1422;463;114;84;27;2230;68;42;623;1682;59;638;780;71;14;160;475;150;187;106;3;5;8;8608;33;33;30;36;3395;505;422;48;63;199;45;3;550;277;12;192;451;210;27;8;22;641;192;4572;10;142;735;778;786
01/03/2003;66;80;87;87;90;73;94;57;57;57;1387;480;114;84;26;1990;62;38;554;1656;61;632;780;70;14;153;455;146;184;105;3;5;6;8340;30;30;27;33;3482;633;390;49;64;197;48;3;549;257;12;191;461;210;26;8;22;647;192;4593;10;128;682;734;790
01/04/2003;61;80;87;87;90;72;96;56;50;48;1334;384;115;83;25;1932;65;39;581;1588;61;622;780;68;14;149;438;152;180;105;4;5;5;7931;25;25;23;28;3464;700;377;49;64;195;45;3;550;297;12;200;481;222;26;7;22;668;189;4561;10;125;686;740;757
01/05/2003;61;80;89;89;85;72;91;58;51;49;1400;290;115;79;25;1729;66;39;622;1651;58;640;829;64;14;157;462;146;183;108;4;5;6;8348;26;26;24;28;3570;685;382;59;65;198;45;3;555;275;12;214;496;232;27;7;22;678;182;4734;11;131;633;678;776
01/06/2003;63;79;86;87;80;72;91;59;54;52;1411;310;111;78;26;1579;61;35;633;1685;59;672;870;61;14;166;468;147;182;107;4;5;6;8839;28;28;25;31;3820;719;390;65;66;204;47;3;552;290;12;211;488;230;28;6;22;634;197;4678;11;118;680;697;791
01/07/2003;63;78;83;83;80;74;93;60;54;54;1441;296;97;81;26;1557;62;37;611;1713;60;669;907;64;14;152;513;142;182;98;4;5;5;8832;29;28;27;31;3853;750;383;61;68;199;46;2;552;297;12;200;465;214;27;7;21;578;204;4733;11;116;685;679;829
01/08/2003;65;80;84;85;81;75;95;61;56;56;1457;278;88;91;27;1566;64;38;574;1757;61;657;910;69;14;157;494;150;181;100;4;5;5;9360;30;30;28;32;3824;793;362;57;69;196;48;2;559;291;11;199;437;208;27;7;21;552;192;4803;11;133;653;671;815
01/09/2003;63;82;88;88;83;76;97;61;52;50;1417;313;91;97;29;1625;66;39;548;1790;64;645;910;71;14;167;521;134;187;103;4;5;5;9996;27;27;25;28;4008;783;375;57;69;203;50;3;545;293;11;218;495;232;27;6;21;618;195;4907;11;131;647;675;819
01/10/2003;66;85;91;93;79;79;99;64;55;54;1477;327;96;98;29;1482;63;37;595;1926;73;644;910;70;14;166;587;152;197;104;4;5;5;11040;29;30;27;30;4224;836;449;53;69;204;59;3;545;286;11;246;576;269;28;6;21;705;200;5227;12;130;603;664;900
01/11/2003;67;87;93;95;79;80;99;67;56;55;1512;428;102;111;32;1510;62;36;642;2053;77;671;910;71;14;161;623;144;197;108;4;5;4;12052;29;29;28;31;4256;661;485;49;68;202;58;3;545;283;11;263;581;280;28;6;21;709;200;5363;13;141;590;647;914
01/12/2003;69;88;94;95;84;82;98;71;58;56;1558;371;101;105;36;1647;65;38;641;2202;74;671;910;71;14;167;690;139;196;112;4;5;6;14185;30;30;28;32;4407;583;478;49;69;197;57;3;538;270;11;256;619;283;29;6;20;712;205;6058;13;143;588;661;977
01/01/2004;72;92;97;99;86;86;100;76;60;59;1609;436;99;107;40;1626;74;41;689;2421;76;712;910;72;16;165;754;161;199;115;3;5;6;15089;31;31;29;34;4526;718;468;53;70;207;58;3;538;275;11;278;644;301;30;6;21;721;203;6432;15;145;614;729;1016
01/02/2004;73;95;100;102;85;89;101;81;60;59;1685;497;96;100;45;1566;78;39;683;2752;74;734;910;70;16;163;885;173;199;123;3;5;5;15099;31;31;28;35;4669;831;502;61;72;213;59;3;552;303;11;286;705;317;31;6;21;756;198;6663;16;142;612;722;1086
01/03/2004;77;97;105;107;83;89;99;81;65;63;1657;512;103;97;52;1504;77;39;696;3000;72;729;910;67;16;160;878;159;195;128;3;5;5;13787;34;34;30;37;4674;935;521;65;73;240;61;3;552;307;11;331;738;361;30;6;21;756;192;7602;17;141;588;709;1102
01/04/2004;77;97;106;109;79;88;97;81;65;63;1732;530;113;102;57;1436;74;38;662;2927;69;713;910;64;16;159;747;177;198;133;3;6;6;12726;34;33;31;37;4565;859;516;65;75;253;63;4;552;299;11;344;719;364;30;7;21;707;178;8909;18;144;555;706;1029
01/05/2004;81;97;106;109;80;87;100;77;72;70;1625;558;112;115;60;1413;76;38;743;2728;70;704;910;63;16;158;804;178;188;129;3;5;6;11229;38;38;34;40;4571;873;481;79;77;252;62;3;587;344;11;332;679;348;30;7;21;639;187;9392;18;141;533;677;1031
01/06/2004;79;96;103;105;82;88;101;80;69;67;1682;596;114;117;64;1405;82;41;749;2689;65;679;910;65;16;164;864;175;199;123;3;6;6;13599;36;35;33;38;4636;921;409;78;80;244;63;3;591;343;10;312;625;321;30;8;20;584;187;9159;18;137;561;708;1019
01/07/2004;81;95;100;102;83;90;101;82;73;71;1708;603;104;120;66;1568;74;37;877;2817;57;667;910;68;16;168;931;181;200;104;4;6;6;15020;38;38;34;41;4650;994;387;79;81;240;59;3;594;347;9;291;576;290;31;8;20;689;191;9022;18;130;553;718;988
01/08/2004;85;93;96;98;87;89;101;81;80;79;1692;558;88;127;63;1727;73;35;722;2844;53;664;910;69;16;165;917;185;199;104;4;6;5;13640;42;43;38;45;4670;936;394;76;80;253;57;3;594;355;9;212;520;226;30;8;20;727;206;9021;18;122;529;714;977
01/09/2004;84;92;95;96;87;90;100;82;79;78;1731;520;85;128;59;1541;81;35;712;2903;57;663;910;68;16;163;932;180;199;98;4;6;5;13430;42;43;35;46;4569;901;402;75;78;252;58;3;594;343;10;183;509;206;30;9;21;766;241;9016;19;126;501;704;980
01/10/2004;89;92;92;93;81;92;100;86;88;87;1830;493;88;120;61;1484;80;32;652;3009;53;667;910;67;16;169;933;172;198;93;4;7;6;14378;47;50;38;53;4548;921;382;73;76;254;59;3;601;349;10;171;458;193;30;9;20;752;202;9043;20;123;509;719;1067
01/11/2004;85;92;93;93;88;91;97;87;80;79;1817;497;96;118;57;1666;90;34;671;3130;49;692;910;67;16;172;966;171;202;94;4;7;6;14090;42;43;35;48;4670;715;387;76;75;262;57;3;608;328;10;170;461;196;31;9;20;824;193;9039;20;127;538;736;1100
01/12/2004;82;92;95;95;94;90;94;87;75;73;1853;497;92;117;56;1673;103;39;702;3140;49;691;910;66;16;182;972;173;190;96;4;7;7;13765;39;40;34;43;4824;686;370;72;74;278;55;4;608;292;10;176;451;199;32;9;21;893;202;8474;21;124;547;718;1182
01/01/2005;87;95;95;95;95;95;98;93;82;80;1836;589;91;115;57;1550;107;40;744;3168;51;700;910;66;28;182;954;184;191;96;5;6;6;14564;43;44;38;47;5351;640;347;72;73;288;54;4;636;329;10;175;435;196;31;9;21;1089;237;7706;21;122;557;731;1246
01/02/2005;89;97;98;98;106;96;97;96;84;83;1883;890;87;117;53;1719;122;45;729;3247;52;708;910;66;28;175;973;179;191;94;5;6;6;15416;45;46;40;48;5580;742;348;69;74;292;58;4;636;316;10;179;443;198;31;9;20;1095;258;8106;21;123;549;735;1323
01/03/2005;97;102;103;103;112;100;101;100;95;95;1988;817;94;120;55;1764;135;51;717;3379;56;714;910;66;28;172;1002;179;194;100;5;6;7;16240;51;53;46;54;5645;1109;375;69;74;295;60;4;647;360;10;208;513;233;32;9;21;1165;242;8442;22;131;545;729;1374
01/04/2005;97;99;100;100;103;98;99;98;95;95;1892;594;93;118;55;1586;129;53;714;3390;57;711;800;65;28;168;980;184;194;96;6;7;7;16138;51;52;47;53;5620;1175;376;69;74;299;60;4;643;326;10;210;499;229;32;9;21;1161;191;8134;23;120;544;729;1298
01/05/2005;94;99;101;101;103;97;99;95;90;90;1741;613;89;121;55;1509;126;59;682;3242;56;696;758;65;28;165;985;171;203;95;6;7;6;17002;48;49;45;50;5487;1096;370;75;74;295;62;4;657;335;10;218;501;233;31;9;22;1161;200;8099;28;119;543;717;1246
01/06/2005;100;100;102;101;105;98;100;96;100;101;1732;500;93;120;55;1539;120;63;678;3530;54;682;727;66;28;160;983;179;203;98;6;7;7;16113;54;54;51;56;5371;935;370;67;74;287;66;4;657;327;10;241;530;255;30;9;21;1152;223;7604;29;122;553;685;1273
01/07/2005;103;100;102;102;98;98;99;96;105;106;1783;404;97;123;55;1488;108;61;653;3608;55;656;713;66;28;154;858;183;206;106;6;7;8;14588;56;58;53;59;5239;749;370;68;75;279;77;4;657;298;10;239;547;253;29;10;21;1152;201;7181;29;133;564;692;1197
01/08/2005;109;100;100;101;97;101;101;100;114;116;1871;399;98;120;53;1482;108;56;701;3792;54;785;700;66;28;154;887;184;212;99;6;7;10;14962;62;64;57;65;5590;757;360;70;75;283;73;4;664;334;10;218;505;230;30;10;20;1152;212;7228;30;132;532;669;1301
01/09/2005;109;100;100;100;94;101;102;100;115;116;1838;585;98;120;48;1504;98;50;709;3851;55;783;700;66;28;155;933;185;217;97;6;8;12;14155;62;63;57;66;5669;749;370;67;75;287;77;4;671;331;10;194;497;212;30;11;21;1152;224;6771;30;137;518;647;1397
01/10/2005;107;101;100;100;95;102;102;103;110;109;1934;489;99;117;45;1454;106;51;774;4056;58;817;700;65;28;150;999;182;211;101;7;8;14;12431;58;59;54;62;5652;815;383;65;74;291;78;4;671;332;10;187;523;211;29;12;22;1152;212;6415;33;143;501;623;1483
01/11/2005;103;101;98;98;95;105;101;107;104;103;2057;471;99;117;41;1429;109;55;781;4278;57;823;700;66;28;148;1018;181;205;96;7;8;10;12235;55;56;51;58;5727;880;376;60;73;279;74;4;685;333;10;192;490;211;29;12;22;1152;195;6174;34;136;482;594;1611
01/12/2005;106;105;101;101;97;109;101;116;107;106;2251;568;103;116;41;1511;103;59;770;4577;57;855;700;66;28;149;1120;187;211;103;7;7;13;13490;56;57;53;59;5296;849;369;61;71;277;77;4;685;319;10;210;466;217;29;14;22;1152;202;6763;36;140;480;583;1819
01/01/2006;113;109;102;102;108;115;102;124;116;117;2383;625;104;114;46;1576;124;66;784;4744;59;910;710;66;33;149;1258;186;221;103;8;7;9;14661;62;64;58;65;5751;850;378;56;70;284;86;4;713;309;10;202;483;214;29;16;23;1091;225;7067;37;144;497;639;2092
01/02/2006;112;112;105;105;110;119;105;128;112;112;2453;872;101;115;51;1546;119;65;792;4975;61;909;720;66;33;146;1267;184;223;107;8;8;8;14975;60;60;58;62;5821;821;391;58;69;296;94;4;713;325;10;198;498;214;29;18;24;715;279;7789;38;159;521;710;2220
01/03/2006;113;113;106;106;106;120;105;130;114;114;2432;881;100;112;53;1545;112;63;785;5124;59;907;720;67;33;141;1194;193;225;105;8;8;7;14925;61;62;58;63;5745;809;383;59;68;298;95;5;713;318;10;192;516;213;29;17;23;694;260;7949;40;156;529;699;2428
01/04/2006;123;119;108;108;105;130;105;148;126;128;2624;670;102;113;57;1552;115;64;830;6404;57;918;720;68;33;141;1171;205;229;108;8;8;7;18029;68;70;64;70;5583;800;386;56;68;299;99;5;720;309;10;191;518;209;29;17;24;673;230;8860;41;160;515;698;3068
01/05/2006;128;129;115;116;105;144;109;169;127;129;2852;946;107;113;56;1594;108;64;881;8059;55;971;755;69;33;149;1168;193;244;111;8;9;6;21131;69;70;65;71;5854;800;395;66;68;301;112;6;760;328;10;193;557;217;31;17;23;673;238;8793;42;177;522;732;3545
01/06/2006;126;126;115;117;104;136;112;154;126;128;2491;714;107;112;56;1606;101;64;889;7223;56;959;803;69;33;150;964;186;238;110;8;9;6;20586;68;69;65;71;5475;666;386;74;69;306;124;7;749;350;10;196;550;217;31;16;23;673;250;7859;44;177;516;714;3198
01/07/2006;131;128;115;115;109;141;111;163;133;136;2512;585;112;115;57;1673;103;69;852;7727;57;959;845;69;33;156;1053;193;236;114;8;9;6;26186;73;74;69;74;5513;734;404;70;70;312;114;6;750;358;10;187;587;217;31;16;22;673;264;8356;47;181;523;705;3321
01/08/2006;130;128;113;113;111;143;111;165;132;135;2462;546;115;118;55;1613;112;76;901;7690;60;1251;894;69;33;170;1179;177;240;115;8;8;7;30469;72;74;69;73;5576;831;434;72;70;313;100;6;769;369;10;176;563;204;31;13;21;673;247;8437;47;165;534;718;3340
01/09/2006;119;125;108;108;108;142;109;166;116;117;2484;545;115;118;50;1566;109;78;851;7623;59;1297;931;70;33;165;1347;193;246;120;8;9;5;29703;62;63;60;64;5474;879;417;68;71;313;84;5;767;355;10;178;534;199;31;12;21;673;230;8975;52;165;522;705;3394
01/10/2006;116;128;110;110;107;147;110;174;109;109;2657;552;137;118;47;1530;111;76;838;7497;57;1263;940;70;33;156;1526;182;245;142;9;8;6;32551;58;58;57;59;5240;1036;422;64;70;310;84;4;762;373;10;194;560;218;31;12;20;673;224;9810;56;182;525;691;3830
01/11/2006;117;130;113;114;112;147;110;174;110;109;2702;603;148;121;49;1583;124;80;895;7029;57;1263;948;72;33;158;1626;180;256;164;9;8;7;31892;58;58;57;59;5060;931;477;62;69;301;75;4;777;350;10;214;624;244;32;12;20;673;213;10038;61;180;640;790;4379
01/12/2006;121;132;114;114;117;150;114;177;114;115;2824;656;151;121;53;1702;130;78;919;6681;59;1285;960;74;33;163;1709;171;268;161;9;7;7;34401;61;62;59;62;4760;793;528;61;69;309;79;5;798;367;10;206;629;243;33;12;20;673;240;11126;67;178;644;791;4381
01/01/2007;113;131;115;114;118;148;116;171;102;101;2799;640;152;119;55;1702;124;81;915;5689;59;1259;997;76;37;159;1664;168;262;165;8;8;7;36822;53;54;52;54;4491;797;551;60;71;313;96;4;796;355;10;222;636;256;33;11;20;673;250;11331;72;168;716;894;3785
01/02/2007;119;134;118;118;117;151;119;174;109;108;2839;659;151;118;57;1811;122;81;865;5718;58;1252;1000;78;37;155;1775;165;263;177;8;7;8;41078;58;58;56;59;4567;842;554;66;74;316;105;5;795;370;10;244;665;278;33;11;21;673;213;12890;76;174;707;876;3321
01/03/2007;122;137;118;118;117;156;117;184;114;114;2757;647;157;118;59;1924;117;79;855;6465;58;1269;1000;78;37;154;1909;151;270;170;8;7;7;46125;61;62;59;61;4749;811;566;62;76;326;103;5;791;344;10;240;680;277;32;10;21;673;203;13787;89;173;725;914;3256
01/04/2007;129;143;118;118;119;167;118;202;121;122;2817;647;157;118;60;2034;115;82;836;7753;57;1289;1000;78;37;157;1984;163;266;153;8;8;8;49957;65;67;64;64;4876;856;645;65;78;322;107;5;809;354;10;222;714;270;33;10;21;673;192;13953;110;179;743;940;3567
01/05/2007;130;144;120;120;120;169;119;205;121;123;2805;692;162;117;60;2011;113;86;859;7678;56;1267;1013;77;37;157;2106;159;262;156;8;8;8;51783;65;67;65;63;4734;887;741;74;80;321;109;4;806;362;10;228;756;283;33;9;21;673;190;14162;119;176;788;989;3848
01/06/2007;133;144;125;125;125;163;115;197;127;128;2681;779;184;119;66;2013;119;95;904;7514;60;1254;1095;73;37;159;2437;149;258;165;8;8;7;41552;68;71;66;67;4534;935;748;74;81;326;103;4;807;340;10;249;783;303;33;9;21;673;202;14079;136;207;788;988;3629
01/07/2007;138;144;127;127;128;160;110;197;135;138;2738;735;178;118;72;2152;117;93;939;7981;68;1213;1159;68;37;166;3072;146;263;147;8;8;6;33400;74;77;69;74;4427;1142;764;71;81;333;95;4;826;309;10;253;819;313;34;10;21;673;212;14733;132;222;762;936;3546
01/08/2007;133;139;128;129;122;149;106;180;130;132;2513;696;159;118;74;1902;124;88;1007;7500;67;1148;1200;67;37;164;3115;150;271;151;8;9;6;27650;70;71;67;72;4319;1231;730;70;81;331;97;5;817;249;10;252;797;309;33;10;22;673;210;15047;110;241;733;914;3244
01/09/2007;141;141;134;135;127;149;112;175;140;144;2395;666;185;118;73;1944;128;94;1079;7671;68;1109;1200;68;37;164;3228;161;275;160;8;9;6;29548;77;77;73;80;4385;1032;745;63;82;330;99;5;820;316;10;289;853;348;34;10;21;673;231;14989;85;290;765;943;2888
01/10/2007;148;143;136;137;129;151;111;180;151;154;2445;660;197;116;80;1917;135;97;1093;8021;69;1054;1283;67;37;168;3723;143;272;164;9;9;7;31156;82;83;77;86;4459;975;824;57;80;335;107;4;813;295;10;300;880;358;34;10;20;673;224;16068;78;304;807;1081;2980
01/11/2007;158;143;138;139;126;148;114;173;167;171;2507;654;188;118;91;1967;130;92;1325;6957;70;1031;1514;68;37;170;3320;135;279;171;9;10;7;30506;91;93;87;95;4651;1046;877;50;78;357;114;5;806;307;11;315;988;389;34;10;20;673;210;16661;92;279;828;1103;2555
01/12/2007;157;143;144;146;131;142;113;163;165;168;2383;649;199;120;98;2120;136;91;1466;6631;70;1080;1669;68;37;166;2616;125;275;180;9;10;7;26054;89;91;86;91;4542;926;883;53;77;378;113;5;788;311;11;351;1027;423;34;10;20;673;206;16245;92;310;817;1097;2379
01/01/2008;162;152;152;153;139;152;115;178;169;170;2456;680;206;121;98;2216;139;101;1492;7079;73;1114;1700;65;61;161;2622;138;287;207;10;11;8;27775;91;92;87;93;4559;1030;987;50;77;393;120;5;813;323;11;376;1143;462;33;12;20;673;230;16311;88;318;841;1157;2364
01/02/2008;171;163;167;167;159;159;116;191;176;175;2785;791;217;128;141;2523;158;117;1479;7941;75;1140;1700;65;61;173;3090;131;288;220;10;11;9;28065;94;95;90;95;4592;1049;1109;58;79;481;128;5;856;312;11;397;1308;508;33;14;20;673;265;17270;76;381;844;1154;2458
01/03/2008;182;170;174;175;160;166;117;201;189;191;3012;1027;229;107;127;2648;148;122;1641;8434;80;1170;1700;66;61;179;3013;135;305;234;10;11;9;31093;102;103;97;105;4774;1231;1147;53;81;673;127;5;912;298;11;380;1321;496;33;13;21;1303;246;19799;74;404;835;1136;2511
01/04/2008;190;168;172;174;155;165;117;199;202;204;2968;970;237;104;132;2631;138;112;1564;8714;75;1184;1666;67;61;184;2835;136;292;247;12;11;10;28777;109;110;103;113;4644;1234;1083;61;82;1015;130;5;941;292;11;375;1292;483;33;13;21;2177;261;21646;69;327;824;1133;2279
01/05/2008;204;166;172;174;156;160;118;190;226;231;2908;928;238;124;143;2693;140;110;1580;8356;74;1192;1650;67;61;187;2216;145;283;243;12;12;11;25657;123;124;119;125;4523;1318;1087;78;83;1009;139;5;934;306;11;369;1330;489;33;11;21;2215;265;23854;62;281;781;1062;2178
01/06/2008;216;169;180;181;167;158;119;186;243;247;2968;840;241;130;171;3022;144;112;1640;8292;77;1209;1650;67;61;185;1861;152;272;287;12;13;13;22563;132;133;128;134;4260;1414;1096;74;86;835;147;5;933;294;11;437;1414;552;33;12;22;2300;285;22133;59;314;778;1041;1906
01/07/2008;220;169;179;180;167;160;122;188;249;250;3067;725;248;133;193;2954;145;115;1736;8407;77;1265;1620;68;61;184;1960;143;276;267;14;14;11;20107;133;134;131;133;4323;1432;1026;76;88;799;146;6;933;332;11;452;1372;554;33;13;23;2268;287;22956;62;292;794;1048;1856
01/08/2008;196;159;167;167;166;151;118;175;217;215;2763;801;212;136;170;2797;146;113;1468;7634;78;1241;1599;69;61;178;1903;147;273;235;14;14;8;19112;115;114;113;117;4095;1132;792;85;88;737;134;5;879;315;10;388;1164;471;31;14;23;2060;322;19935;65;304;718;942;1735
01/09/2008;176;150;155;155;159;144;116;164;192;187;2524;807;189;129;161;2672;141;107;1353;6975;74;1223;1573;68;61;170;1872;145;284;234;14;13;8;17782;99;99;96;104;3915;924;667;71;88;722;131;5;889;313;10;364;1042;438;30;14;23;1949;322;18307;63;257;656;897;1745
01/10/2008;139;126;130;130;135;122;110;131;147;136;2122;808;144;116;116;2251;121;89;1150;4895;62;1101;1470;68;61;162;1494;169;304;183;16;13;7;12145;73;73;69;77;3661;910;486;64;88;624;88;4;862;325;10;291;809;339;28;12;22;1724;282;14423;49;199;510;735;1303
01/11/2008;115;117;122;122;128;111;104;116;114;101;1857;905;130;115;99;2046;120;93;1074;3729;55;1050;1268;62;61;145;1286;167;316;164;16;9;7;10777;54;53;51;57;3307;853;433;53;87;563;77;4;872;333;10;293;729;329;26;12;21;1624;241;13674;51;184;451;646;1169
01/12/2008;98;110;120;119;133;99;87;108;92;78;1504;843;114;111;84;2420;117;84;908;3105;55;1032;1217;36;70;141;968;160;327;158;16;7;6;9847;42;42;41;41;3355;762;440;54;87;551;57;4;846;315;10;293;681;319;25;11;20;1357;228;11292;54;183;478;666;1113
01/01/2009;102;115;129;128;143;101;90;110;95;83;1420;815;122;114;85;2609;128;86;841;3260;58;1037;1154;38;73;137;1145;145;330;173;16;6;5;11563;44;45;45;42;3289;783;522;56;87;615;68;4;818;323;10;338;755;365;24;12;21;1211;262;11563;51;211;465;625;1203
01/02/2009;98;113;126;124;144;99;87;108;90;79;1338;922;113;107;81;2660;129;81;768;3328;55;1047;984;35;76;134;1100;169;322;163;14;6;4;10411;42;43;43;39;3169;766;529;57;87;634;67;4;807;319;10;321;702;341;24;13;20;1038;270;11075;47;191;450;586;1118
01/03/2009;100;111;127;126;138;95;81;106;94;88;1338;906;115;112;65;2494;128;77;732;3771;52;1054;900;29;64;132;1247;147;289;165;11;6;4;9711;47;47;46;48;3060;847;557;57;86;625;64;4;816;311;10;315;694;334;24;13;20;831;263;10689;43;199;460;617;1223
01/04/2009;104;116;133;132;141;100;82;112;97;95;1432;898;111;116;68;2542;135;76;802;4437;57;1056;900;29;60;139;1394;143;283;169;9;6;3;11332;50;51;50;50;3088;905;693;58;85;577;74;5;816;285;10;350;787;374;24;13;22;929;277;11830;42;201;517;687;1388
01/05/2009;115;124;143;142;146;105;85;119;110;109;1464;853;129;120;69;2555;148;77;901;4595;62;1117;917;30;63;143;1450;132;291;180;9;7;4;12763;58;58;57;59;3152;888;772;59;87;541;76;5;855;285;10;408;845;422;26;15;22;1044;288;13872;49;223;599;761;1492
01/06/2009;128;129;145;144;148;113;89;131;128;130;1586;851;149;122;76;2700;144;76;910;5013;61;1164;958;37;72;153;1668;134;279;179;9;7;4;14962;69;69;69;70;3434;816;691;57;88;549;75;6;818;295;10;442;832;445;27;17;22;1116;287;15009;52;223;609;742;1555
01/07/2009;124;130;139;138;152;120;93;140;120;122;1674;829;140;124;79;2805;138;75;857;5241;65;1223;966;48;84;154;1675;133;281;152;7;8;3;16025;65;65;65;64;3528;715;602;58;89;623;79;6;760;277;10;386;751;398;27;18;23;1022;338;13904;50;193;609;764;1583
01/08/2009;133;137;138;136;158;136;101;161;130;135;1928;836;122;124;78;2957;147;75;876;6177;64;1295;980;58;98;156;1893;127;277;152;6;8;3;19376;72;73;71;71;3711;836;687;50;87;576;93;5;770;292;10;397;810;409;28;22;25;1079;328;14762;47;180;655;823;1818
01/09/2009;128;132;135;131;166;130;100;151;125;128;1836;818;104;124;72;3150;146;77;857;6196;64;1363;991;55;81;155;2205;132;281;151;6;9;3;17405;68;68;68;69;3947;1031;636;51;85;594;99;5;784;281;10;342;749;349;27;23;27;1021;374;14936;44;156;691;868;1879
01/10/2009;135;135;136;132;171;133;100;157;135;139;1876;811;131;121;76;3373;152;77;886;6306;67;1464;1001;54;87;152;2228;127;277;167;6;9;4;18489;74;73;73;76;3931;1153;637;51;83;566;107;5;805;261;9;329;798;355;27;23;28;1005;345;15037;46;164;744;945;2071
01/11/2009;141;141;140;137;170;142;107;167;141;146;1957;836;155;125;84;3379;150;73;924;6682;72;1558;1042;62;99;156;2303;123;272;172;6;9;4;16911;78;77;78;78;3954;1154;674;54;82;566;117;5;821;274;9;338;854;371;28;23;29;1070;361;14966;45;173;757;954;2197
01/12/2009;141;146;143;139;177;149;111;177;138;141;2181;801;151;127;89;3518;156;75;920;6977;77;1692;1143;63;105;152;2326;129;265;165;6;9;5;17122;75;75;75;74;3851;1014;728;62;82;606;127;5;796;290;8;346;867;379;27;25;32;1133;374;15589;44;168;780;970;2374
01/01/2010;146;150;142;138;174;158;113;191;144;145;2230;783;147;134;104;3522;154;75;916;7367;77;1748;1214;65;126;152;2352;126;258;167;8;9;6;18406;77;76;77;78;3722;1089;742;67;83;598;140;5;792;275;8;326;838;359;27;22;30;1114;339;17710;44;166;843;1002;2415
01/02/2010;142;148;141;138;167;154;115;183;139;140;2053;791;137;142;101;3277;156;74;901;6868;80;1710;1218;68;128;148;2126;140;253;162;8;9;5;19061;75;74;74;76;3484;982;754;66;83;585;142;6;781;283;8;304;840;345;26;22;30;1091;332;16352;42;162;818;973;2159
01/03/2010;149;153;142;139;164;165;118;199;146;149;2211;843;147;152;101;3090;162;73;910;7467;86;1794;1200;69;140;142;2163;143;250;159;8;9;4;22467;79;79;77;81;3349;955;794;71;84;540;151;6;790;277;8;293;869;349;25;18;28;1105;333;17509;41;156;850;1005;2277
01/04/2010;158;163;146;143;170;180;123;221;155;158;2314;828;152;165;107;3221;171;76;908;7730;88;1961;1203;72;172;145;2272;140;246;158;8;9;4;26029;84;85;83;84;3293;995;799;78;85;502;179;6;820;284;9;308;868;358;25;17;26;1133;314;18635;41;158;817;992;2368
01/05/2010;147;155;144;142;167;166;122;199;142;142;2045;872;143;158;107;3166;174;76;862;6843;90;1908;1230;72;161;138;1877;144;254;164;8;10;4;21930;76;76;77;74;3011;1055;776;85;86;472;167;6;836;282;10;306;833;349;24;15;25;1103;286;17565;41;159;765;920;1970
01/06/2010;144;150;142;138;174;158;123;183;140;140;1929;965;146;145;105;3231;194;83;876;6502;92;1817;1189;74;144;138;1707;143;261;153;8;9;5;19411;75;75;74;75;2926;1201;765;79;87;459;162;6;841;285;10;314;821;349;25;16;28;1090;262;17258;41;149;763;920;1747
01/07/2010;144;152;149;146;179;155;121;179;140;140;1989;987;156;145;103;3230;205;90;946;6751;84;1705;1180;74;126;143;1844;146;275;164;8;9;5;19549;75;75;73;76;2935;1302;775;79;88;471;149;6;871;283;10;335;837;371;25;18;29;1095;259;18207;42;183;779;918;1847
01/08/2010;149;161;156;153;181;166;123;198;141;143;2110;897;161;153;96;3072;213;89;1013;7303;90;1674;1211;72;145;147;2083;142;295;176;9;9;4;21449;76;77;74;77;3088;1139;865;83;88;487;150;6;892;289;10;339;895;379;26;19;31;1140;315;20733;46;220;788;936;2047
01/09/2010;150;165;160;157;180;170;125;202;142;143;2171;884;168;153;102;2875;222;87;1032;7730;105;1632;1272;72;141;147;2193;137;311;206;8;9;4;22690;76;78;75;75;3068;1047;885;82;88;520;160;6;876;282;10;334;930;390;26;23;35;1195;337;22694;47;239;790;988;2151
01/10/2010;160;174;166;165;181;181;133;216;151;154;2342;922;175;155;104;2927;216;91;1149;8290;127;1666;1296;74;148;150;2384;146;316;236;9;10;3;23794;82;83;80;82;3093;1086;935;71;87;533;178;6;880;282;12;354;1035;427;26;27;35;1304;340;26237;49;234;854;1085;2374
01/11/2010;165;178;169;167;185;188;141;223;157;159;2324;908;179;157;115;2910;228;98;1244;8458;155;1663;1300;75;161;151;2365;141;313;238;9;10;4;22836;85;86;84;84;3082;823;1059;63;85;543;195;6;901;271;12;376;1123;460;27;26;38;1396;332;25403;57;242;889;1275;2283
01/12/2010;175;188;180;178;193;197;147;234;167;169;2357;898;190;173;127;3047;237;98;1385;9153;168;1593;1359;77;169;147;2413;149;307;251;9;10;4;24100;90;92;89;89;3004;724;1171;69;85;537;215;7;897;288;12;388;1208;484;26;28;38;1466;352;26104;61;266;884;1266;2287
01/01/2011;182;198;188;186;206;208;156;245;173;174;2440;949;195;186;142;3164;263;106;1441;9533;179;1607;1569;78;180;148;2584;152;315;265;9;11;4;25621;93;96;92;90;2990;735;1239;75;85;528;250;7;908;292;12;412;1257;511;26;30;40;1529;368;27439;64;297;1011;1549;2376
01/02/2011;190;205;195;192;221;216;159;256;182;184;2515;1013;196;184;138;3471;288;115;1419;9881;213;1613;1600;70;187;150;2596;150;329;293;9;12;4;28412;98;104;100;89;3054;885;1249;83;85;533;281;7;928;263;12;410;1268;512;27;29;40;1592;350;31620;65;311;1061;1633;2473
01/03/2011;200;202;191;187;222;213;170;244;199;204;2556;994;203;188;135;3393;294;122;1417;9503;230;1756;1600;88;169;153;2624;150;335;290;9;12;4;26710;109;114;109;103;3098;852;1142;81;86;509;246;7;929;271;12;394;1245;499;27;26;36;1577;331;30591;64;289;1244;1703;2341
01/04/2011;210;207;196;194;217;217;171;250;213;219;2667;1013;209;193;131;3114;303;121;1447;9483;217;1761;1600;88;179;154;2719;156;343;319;10;14;4;26332;116;123;116;110;3226;881;1124;92;86;501;265;8;946;275;12;388;1279;501;27;24;36;1692;325;32348;58;309;1310;1744;2371
01/05/2011;200;199;191;188;215;207;161;239;200;204;2587;1022;209;184;128;3071;293;126;1416;8932;166;1591;1659;88;177;154;2420;161;385;308;10;16;4;24165;108;114;109;101;3165;836;1143;92;87;501;232;7;958;278;12;388;1256;499;27;22;34;1701;328;28571;56;301;1302;1793;2160
01/06/2011;196;195;186;183;209;204;161;236;197;199;2558;986;210;178;129;3016;278;122;1404;9067;161;1508;1776;88;171;153;2525;158;418;310;10;16;5;22421;106;114;108;96;3097;916;1076;95;87;518;224;6;973;274;12;392;1250;500;27;25;35;1701;334;25520;55;285;1386;1865;2234
01/07/2011;199;196;185;182;210;207;159;242;201;203;2525;964;215;178;129;3167;269;117;1394;9650;149;1469;1683;88;173;152;2681;153;430;301;11;16;4;23848;108;116;110;97;3072;972;1034;97;87;546;215;6;969;286;12;389;1242;502;27;29;38;1676;356;27398;53;271;1362;1787;2398
01/08/2011;191;192;186;184;210;199;151;233;190;189;2381;960;207;181;129;3064;274;119;1357;8998;114;1455;1820;85;177;154;2393;147;450;310;11;18;4;21865;100;110;105;86;3119;949;1048;103;88;577;212;5;974;294;12;394;1225;501;27;29;40;1666;358;24057;51;290;1250;1656;2199
01/09/2011;189;186;179;177;204;193;149;224;190;190;2293;946;211;176;132;2874;276;114;1311;8300;117;1347;1838;85;177;148;2288;141;454;296;11;18;4;20378;101;111;106;86;3013;1195;995;89;89;616;206;5;953;287;11;382;1219;491;26;27;39;1673;362;22527;52;276;1199;1593;2075
01/10/2011;183;172;169;167;190;176;140;201;189;188;2181;956;209;174;128;2680;248;107;1269;7394;111;1352;1829;78;150;147;1960;139;436;275;12;18;4;19039;100;109;104;86;3013;1033;914;92;89;602;184;4;954;287;11;347;1127;446;26;26;38;1565;357;21869;52;252;1072;1431;1871
01/11/2011;186;168;167;165;186;169;135;193;197;199;2080;959;211;187;122;2527;250;108;1281;7581;105;1402;1861;77;136;142;1994;149;403;274;12;18;3;17873;105;111;109;97;3032;682;986;86;89;609;153;4;893;287;11;329;1118;429;26;25;38;1555;351;21292;53;241;1149;1469;1935
01/12/2011;184;165;164;163;177;166;130;192;195;196;2024;947;212;190;120;2201;243;114;1244;7559;95;1370;1854;72;136;136;2025;144;388;258;12;18;3;18246;104;108;106;99;2964;758;969;84;90;581;154;5;888;278;11;321;1103;420;26;23;37;1536;333;19387;52;238;1164;1434;1911
01/01/2012;188;169;166;165;178;173;132;202;200;201;2151;943;210;191;125;2308;241;109;1253;8062;101;1295;1859;73;140;133;2100;145;388;273;12;17;3;19909;107;111;110;100;2874;731;1021;84;90;541;164;4;877;262;11;348;1132;442;26;24;35;1553;337;21548;52;241;1275;1504;1989
01/02/2012;196;174;171;170;176;178;137;207;209;212;2208;1045;213;194;125;2356;225;111;1297;8441;101;1315;1886;77;140;125;2121;143;375;279;12;17;3;20394;113;120;116;102;2911;779;1048;86;91;547;182;5;885;271;10;364;1170;462;26;23;34;1441;341;24293;52;245;1403;1561;2058
01/03/2012;202;176;174;174;171;178;138;207;217;222;2184;1151;223;194;115;2359;202;114;1289;8471;100;1319;1808;82;145;117;2057;147;357;281;13;18;2;18661;118;125;122;106;2899;803;1106;85;93;577;178;5;887;261;10;405;1197;496;26;24;33;1441;341;22985;51;243;1337;1540;2036
01/04/2012;198;175;174;174;166;177;140;203;211;214;2049;1029;237;192;111;2267;193;112;1304;8286;100;1408;1718;84;148;109;2074;128;354;274;13;20;2;17893;114;121;117;103;2921;823;1157;80;93;586;174;5;896;295;10;441;1233;529;27;22;32;1441;341;22115;51;229;1289;1442;2003
01/05/2012;185;170;170;170;162;170;138;193;194;196;2003;955;237;187;103;2113;186;116;1237;7897;89;1518;1619;84;136;98;1999;149;367;269;13;18;2;16968;104;111;107;95;2875;756;1031;79;94;612;169;5;892;300;10;459;1135;521;26;20;30;1441;341;20295;52;231;1238;1340;1928
01/06/2012;170;166;168;169;160;163;132;186;172;171;1886;956;235;184;93;2266;170;113;1183;7428;82;1642;1547;84;135;92;1851;146;362;267;13;19;2;16604;91;96;94;82;2781;953;928;92;95;606;145;4;863;292;10;464;1098;522;26;20;29;1441;341;19255;51;242;1203;1285;1856
01/07/2012;178;173;184;185;168;162;132;183;181;182;1876;967;243;180;95;2350;191;113;1209;7584;84;1735;1541;84;128;91;1881;134;357;333;11;19;3;16128;97;103;99;88;2818;1015;953;94;95;578;140;4;858;295;10;553;1175;609;26;23;29;1506;346;18546;50;310;1226;1291;1848
01/08/2012;186;170;185;187;169;155;131;172;195;198;1843;955;259;183;98;2512;176;113;1222;7510;84;1756;1516;86;108;89;1898;141;355;332;11;18;3;15704;105;113;108;94;3081;970;931;86;95;583;127;5;857;291;10;586;1189;623;26;21;29;1550;353;18676;49;315;1134;1213;1816
01/09/2012;187;171;182;183;172;160;133;180;196;200;2064;967;255;180;95;2620;180;111;1268;8088;84;1716;1589;86;99;89;2178;175;353;321;11;19;3;17288;106;113;111;95;3728;1001;880;69;96;591;138;5;878;300;10;560;1213;615;27;20;26;1583;358;20771;48;317;1054;1149;2010
01/10/2012;183;170;178;179;167;162;132;183;191;195;1974;959;250;182;88;2464;172;110;1216;8062;82;1695;1637;86;114;89;2142;152;350;322;12;17;3;17169;103;112;109;90;3754;981;768;80;96;585;145;5;873;289;10;520;1120;566;27;20;24;1483;368;21234;45;318;1079;1205;1904
01/11/2012;181;169;176;178;162;161;131;182;188;191;1949;937;249;192;92;2478;161;103;1200;7711;81;1902;1676;86;120;89;2182;166;353;322;12;17;4;16335;101;110;107;87;3575;847;743;78;97;591;135;5;870;284;10;491;1072;533;27;19;23;1483;368;20713;42;319;1107;1259;1912
01/12/2012;183;172;177;179;158;168;133;193;188;191;2087;946;248;196;100;2432;154;102;1191;7966;83;2190;1864;86;129;91;2280;149;355;309;12;18;3;17449;101;110;106;88;3411;758;714;80;98;566;141;6;880;277;11;490;1089;535;27;19;23;1511;351;22881;44;303;1208;1355;2040
01/01/2013;188;176;179;181;155;174;134;202;194;198;2038;934;237;195;99;2275;158;106;1208;8054;86;2089;1985;86;150;95;2334;153;334;303;11;18;3;17494;105;113;108;95;3965;750;777;83;99;573;150;6;871;276;11;457;1123;526;27;19;23;1507;339;24599;43;288;1238;1389;2031
01/02/2013;191;177;179;182;152;175;133;205;199;203;2054;925;241;194;102;2198;153;110;1218;8061;90;1883;1923;86;155;98;2366;156;320;303;11;18;3;17690;108;116;111;95;4086;820;792;83;100;574;145;7;843;279;11;469;1132;536;26;18;22;1513;321;24212;43;279;1236;1375;2129
01/03/2013;184;172;178;180;150;166;132;191;191;193;1911;939;241;192;97;2153;153;113;1162;7652;94;1784;2367;86;140;98;2173;164;314;309;11;18;4;16732;103;109;105;93;3965;908;772;73;101;565;135;7;822;281;11;468;1103;536;25;18;22;1462;297;23302;42;263;1208;1324;1929
01/04/2013;179;170;177;180;149;162;133;184;184;186;1861;912;232;192;94;2295;153;108;1131;7221;93;1834;2433;88;137;99;2024;161;305;280;12;18;4;15629;99;103;102;92;3929;980;756;78;103;554;130;7;834;301;11;446;1087;518;25;18;21;1439;266;21590;41;264;1105;1209;1856
01/05/2013;179;171;182;185;150;160;137;176;185;187;1833;908;231;180;94;2346;151;106;1118;7249;93;1836;2530;92;124;106;2032;169;295;295;11;17;4;14948;99;103;100;95;3779;1057;763;89;104;552;138;7;833;322;13;477;1083;542;25;17;20;1467;272;20782;41;277;1086;1158;1831
01/06/2013;179;169;181;185;141;158;141;170;185;188;1815;912;231;174;89;2284;139;97;1120;7000;93;1729;2556;101;115;107;2100;175;306;297;11;18;4;14280;100;103;100;96;3824;1158;763;98;106;546;127;7;845;323;14;504;1059;560;26;17;20;1471;259;20267;40;267;1085;1118;1839
01/07/2013;184;169;180;183;144;158;137;173;192;198;1770;925;222;177;83;2309;138;102;1003;6907;93;1599;2243;99;127;108;2048;151;299;279;11;17;4;13750;105;108;103;105;3763;1121;730;98;106;538;116;7;828;319;15;528;1001;548;25;17;20;1375;256;19564;38;257;999;1025;1838
01/08/2013;186;167;172;175;146;161;134;181;197;203;1816;938;195;177;82;2484;136;101;991;7186;93;1622;2506;95;137;110;2173;166;304;235;11;17;3;14308;108;111;107;107;3736;1191;723;96;107;504;117;7;845;300;16;471;944;498;26;17;21;1152;248;21638;35;259;996;1031;1896
01/09/2013;185;163;166;168;145;160;134;178;198;205;1761;939;175;176;83;2616;133;93;985;7159;90;1525;2292;93;134;110;2085;159;300;207;11;17;4;13801;109;112;108;106;3785;1120;726;92;106;470;120;6;865;303;16;490;935;503;26;18;22;1158;230;22735;34;260;1123;1159;1847
01/10/2013;182;164;167;169;145;161;137;179;193;198;1815;937;159;178;85;2731;129;90;1009;7203;89;1520;2338;99;133;112;2115;166;304;202;11;16;4;14118;105;109;106;101;3676;997;763;88;105;453;115;6;877;291;16;461;898;473;27;19;22;1187;222;23102;35;272;1165;1199;1885
01/11/2013;180;164;166;168;143;162;140;178;189;193;1748;922;156;183;88;2755;123;86;1021;7071;85;1549;2392;105;136;116;2090;184;297;199;11;17;4;13684;103;108;106;94;3680;766;810;81;105;449;113;6;878;297;17;462;897;477;27;18;22;1192;235;22827;36;259;1150;1190;1866
01/12/2013;184;167;170;172;150;164;142;179;194;199;1740;925;156;186;90;2825;127;95;1008;7215;87;1557;2207;105;136;121;2137;172;287;197;11;18;4;13925;105;111;108;98;3613;740;795;79;104;448;116;8;893;325;17;495;872;489;27;17;21;1169;246;22762;35;244;1146;1198;1975
01/01/2014;180;165;169;171;151;161;139;176;189;193;1727;928;163;187;87;2819;135;93;952;7291;91;1586;2431;105;128;121;2143;166;287;199;11;18;5;14101;102;108;104;95;3629;753;769;79;104;441;106;8;898;300;17;474;831;476;27;16;22;1110;249;22064;35;228;1117;1147;2037
01/02/2014;183;167;174;175;169;159;140;172;193;197;1695;946;163;190;82;2993;176;101;975;7149;94;1658;2324;107;121;123;2108;190;292;209;11;18;6;14204;105;109;105;101;3576;771;811;86;105;447;97;8;902;296;17;499;874;497;28;17;23;1137;257;22821;36;243;1087;1117;2035
01/03/2014;183;170;183;183;183;156;145;165;191;196;1705;967;162;198;79;3042;216;112;1014;6650;97;1729;2377;111;112;128;2053;179;291;222;11;18;5;15678;104;107;104;101;3592;808;861;113;105;434;103;7;906;323;17;507;929;522;28;18;23;1152;238;23024;35;276;1047;1078;2008
01/04/2014;185;172;185;185;185;158;143;169;192;197;1811;946;163;191;78;3051;227;111;1008;6674;94;1764;2256;112;115;132;2087;166;290;222;11;18;5;17374;105;108;105;102;3602;847;825;120;107;410;100;8;912;308;18;534;934;547;28;18;25;1125;223;23405;33;273;1057;1088;2027
01/05/2014;184;169;182;182;180;155;142;165;193;199;1751;916;174;195;79;3030;215;108;949;6891;93;1820;2218;109;101;136;2097;178;292;217;11;18;5;19401;106;110;106;102;3632;835;800;110;109;404;94;7;918;318;18;543;894;546;28;18;25;1127;220;23271;29;288;1065;1097;2059
01/06/2014;185;165;176;176;178;153;140;162;197;204;1839;926;163;201;77;3174;199;105;932;6821;91;2001;2213;108;93;138;2107;166;292;203;11;18;5;18629;108;112;108;105;3756;835;758;115;111;415;95;6;921;311;18;519;872;528;28;18;26;1112;224;22762;28;262;1054;1073;2128
01/07/2014;181;165;173;173;180;157;140;169;191;198;1948;931;142;228;74;3196;199;107;881;7113;84;2049;2146;108;96;135;2193;178;293;182;9;17;4;19118;105;107;106;103;4015;783;753;129;113;428;92;6;931;316;18;451;814;463;28;19;26;1062;232;22424;28;239;1056;1078;2311
01/08/2014;175;162;169;167;186;155;137;168;183;188;2030;962;130;259;74;3270;215;105;849;7002;74;2000;1987;110;93;132;2237;158;289;176;10;16;4;18600;100;102;102;96;4142;768;678;109;113;440;84;6;910;313;18;448;746;433;28;18;27;993;236;22231;31;229;1031;1070;2327
01/09/2014;168;156;161;158;184;151;136;161;176;180;1990;925;127;272;71;3221;212;106;820;6872;73;1872;2008;115;82;131;2117;166;278;163;10;16;4;18035;96;97;97;93;4209;771;657;101;114;437;75;5;889;296;16;409;712;369;27;17;27;983;233;21091;34;211;988;1057;2295
01/10/2014;158;154;159;156;188;148;136;157;160;162;1946;922;118;267;68;3101;227;109;837;6737;70;1985;1834;114;80;131;2034;193;276;163;10;15;4;15812;86;87;87;84;4025;732;673;102;114;433;73;5;876;298;16;379;721;354;27;16;27;1045;256;19830;36;213;959;1044;2277
01/11/2014;148;154;160;158;178;147;135;156;145;145;2056;905;122;262;67;2909;213;107;827;6713;68;2204;1991;115;73;131;2030;167;256;179;10;16;4;15807;77;78;77;76;4282;718;662;86;114;419;74;6;860;303;14;423;721;379;26;16;25;1069;243;20033;41;216;968;1042;2253
01/12/2014;131;151;160;158;174;142;132;149;119;114;1909;909;127;240;67;2947;201;104;809;6446;68;2389;1995;109;69;129;1938;184;249;179;10;17;3;15962;61;62;60;59;4480;769;625;83;114;411;73;6;852;306;13;418;706;379;26;15;25;1049;243;19830;37;233;936;1002;2176
01/01/2015;115;146;155;153;173;136;130;140;97;89;1815;912;133;232;67;2916;191;102;774;5831;67;2170;1951;107;67;129;1843;169;251;175;10;16;3;14849;47;48;46;48;4481;758;642;73;114;410;75;6;827;315;16;379;708;367;25;15;25;1004;270;19454;36;211;899;967;2113
01/02/2015;121;142;150;148;173;135;131;137;108;103;1818;967;130;210;66;2962;180;104;747;5729;70;2028;2028;106;63;123;1796;180;251;174;9;15;3;14574;55;58;56;51;4692;704;634;62;114;410;82;6;835;306;16;374;698;365;25;15;25;961;296;18234;38;202;892;947;2098
01/03/2015;117;139;146;144;165;132;128;135;104;100;1774;1046;134;208;64;2878;160;98;743;5940;69;1897;2071;105;57;116;1792;161;247;174;9;13;3;13756;53;56;55;48;4532;633;608;62;114;401;79;5;817;299;16;365;683;360;25;13;24;957;308;17422;39;203;871;929;2029
01/04/2015;120;138;145;143;165;131;127;134;109;108;1819;1059;131;214;62;2868;165;99;742;6042;72;1855;2017;100;51;115;2005;169;249;172;7;11;3;12831;57;59;59;54;4606;612;592;61;115;392;77;5;814;305;16;350;692;357;25;13;24;1002;291;15901;39;196;883;987;2213
01/05/2015;125;140;145;143;169;134;126;140;116;118;1804;947;129;199;65;3096;158;94;764;6295;73;1729;2045;96;60;113;1992;159;247;166;7;9;3;13511;62;65;64;59;4967;609;601;77;116;382;84;5;842;293;16;340;716;352;26;13;25;1082;314;15804;36;193;976;1115;2282
01/06/2015;123;138;146;143;177;130;125;133;114;115;1688;929;124;195;63;3240;160;97;812;5833;72;1649;2008;94;62;110;1830;149;241;167;7;9;3;12825;61;62;62;60;5023;630;606;77;116;371;83;5;848;296;16;354;738;355;26;12;25;1103;356;15065;36;200;1029;1138;2082
01/07/2015;115;135;149;146;179;121;118;123;103;103;1640;938;135;204;63;3326;153;93;796;5457;72;1557;2064;83;52;108;1763;154;241;180;7;9;3;11413;54;56;56;51;5290;640;576;76;116;388;74;5;848;307;16;395;696;372;26;12;25;1069;403;15072;36;199;944;1010;2001
01/08/2015;104;130;144;141;175;116;112;119;89;86;1548;957;126;212;63;3154;159;92;754;5127;72;1552;2042;71;55;99;1704;153;242;163;7;10;3;10386;46;47;47;43;5886;684;485;76;115;376;64;5;850;312;16;370;629;347;26;11;25;980;387;15164;36;173;979;1023;1808
01/09/2015;103;128;138;135;173;117;112;121;89;87;1590;952;123;202;59;3278;148;88;767;5217;69;1568;1933;75;56;96;1684;173;248;166;6;10;3;9938;46;47;46;45;5673;632;483;70;115;359;60;5;837;312;13;343;590;324;26;12;24;982;371;15453;37;164;903;967;1720
01/10/2015;103;127;138;134;174;116;113;118;90;88;1516;934;124;185;56;3197;154;89;805;5216;69;1648;1822;75;53;96;1720;159;248;171;6;10;2;10317;47;48;47;46;5171;661;530;71;114;360;59;5;836;329;10;338;624;327;25;14;25;1059;392;15795;37;165;885;956;1724
01/11/2015;97;122;135;130;174;109;110;109;83;81;1468;932;124;177;56;3361;149;89;778;4800;69;1754;1717;70;46;95;1618;151;243;166;6;9;2;9244;43;44;42;43;4614;768;503;57;113;358;55;5;829;319;10;320;615;319;25;15;26;1045;354;14745;36;158;902;1003;1583
01/12/2015;91;122;136;132;172;107;109;105;73;69;1497;932;122;167;56;3346;150;86;811;4639;70;1704;1657;70;40;96;1707;167;245;164;6;10;2;8708;37;38;35;37;4190;769;521;53;113;354;57;6;817;311;10;304;677;323;25;15;26;1022;343;14692;35;164;910;1028;1528
01/01/2016;83;121;137;134;159;106;109;104;61;56;1481;1011;118;159;53;2952;146;82;778;4472;69;1555;1800;70;41;96;1646;167;252;161;5;9;2;8507;30;31;27;32;4395;689;532;54;113;359;55;6;786;311;11;297;660;323;24;14;26;1020;320;13808;35;165;931;1014;1520
01/02/2016;85;123;137;135;156;109;109;109;63;58;1531;1052;120;171;55;2916;149;81;779;4599;67;1456;1830;70;46;96;1766;167;259;160;5;9;2;8299;31;33;30;30;4546;691;596;63;112;373;57;6;780;311;11;291;687;320;24;13;25;1040;287;15610;34;159;957;1017;1710
